genre,code
AKUSTILINE INDIE-ROCK,ACOUSTIC INDIE ROCK
ALTERNATIIV,ALTERNATIVE
ALTERNATIIV-ROCK,ALTERNATIVE ROCK
ALTERNATIIVROCK,ALTERNATIVE ROCK
ALTERNATIIVROK,ALTERNATIVE ROCK
ALTERNATIIVROKK,ALTERNATIVE ROCK
ALTERNATYVUS ROKAS,ALTERNATIVE ROCK
ALTERNATYVUSIS ROKAS,ALTERNATIVE ROCK
ALTERNATĪVA MŪZIKA,ALTERNATIVE
ALTERNATĪVAIS METĀLS,ALTERNATIVE METAL
ALTERNATĪVAIS ROKS,ALTERNATIVE ROCK
ALTERNATĪVĀ MŪZIKA,ALTERNATIVE
AMBIENTĀ MŪZIKA,AMBIENT
APT-POK,ART ROCK
ARTROKAS,ART ROCK
AVANGARD,AVANTGARDE
AVANGARD DŽÄSS,AVANTGARDE JAZZ
AVANGARDAS,AVANTGARDE
AVANGARDS,AVANTGARDE
AРТ-РОК,ART ROCK
BALTIŠKŲ GELMIŲ ŽAISMĖ,BLACK METAL
BALTU ROKS,BALTIC ROCK
BIG-BITAS,BIG BEAT
BIIT,BEAT
BLACK METAL,BLACK METAL
BLACK METALAS,BLACK METAL
BLIUZAS,BLUES
BLŪZS,BLUES
BREAKBEAT,BREAK BEAT
BRITPOP,BRIT POP
BRITPOPS,BRIT POP
BĪTBOKSS,BEAT BOX
CLASSIC,CLASSICAL
DAB,DUB
DAINUOJAMOJI POEZIJA,BARD
DAINUOJANTYS MIMAI,PRISON ROCK
DANCE MUSIC,DANCE
DANCE-POP,DANCE POP
DARKWAVE,DARK WAVE
DEATH-METAL,DEATH METAL
DEATH/GRIND,DEATH GRIND
DEATHGRIND,DEATH GRIND
DEJU MŪZIKA,DANCE
DEJU MŪZIKASGRUPA,DANCE
DEPRESSIIVROK,DEPRESSIVE ROCK
DISCO-POP,POP DISCO
DISKO,DISCO
DISKOANSAMBEL,DISCO
DREAMPOP,DREAM POP
DRUM & BASS,DRUM-N-BASS
DRUM &amp; BASS,DRUM-N-BASS
DRUM&BASS,DRUM-N-BASS
DRUM&amp;BASS,DRUM-N-BASS
DRUM‘N’BASS,DRUM-N-BASS
DŪMMETĀLS,DOOM METAL
DŽEZS,JAZZ
DŽIAZAS,JAZZ
EBM,ELECTRONIC BODY MUSIC
EBM (ELECTRONIC BODY MUSIC),ELECTRONIC BODY MUSIC
EKSPERIMENTAAL,EXPERIMENTAL
EKSPERIMENTINĖ,EXPERIMENTAL
EKSPERIMENTĀLAIS ROKS,EXPERIMENTAL ROCK
EKSPERIMENTĀLĀ MŪZIKA,EXPERIMENTAL
ELEC,ELECTRONIC
ELECTRO,ELECTRONIC
ELECTRO-INDUSTRIAL,ELECTRO INDUSTRIAL
ELECTRONIC MUSIC,ELECTRONIC
ELECTRONICA,ELECTRONIC
ELEKTRO-POP,ELECTRO POP
ELEKTRONIKA,ELECTRONIC
ELEKTRONINĖ,ELECTRONIC
ELEKTRONINĖ MUZIKA,ELECTRONIC
ELEKTRONISKĀ DEJU MŪZIKA,ELECTRONIC BODY MUSIC
ELEKTRONISKĀ MŪZIKA,ELECTRONIC
ELEKTROONIKA,ELECTRONIC
ELEKTROONILINE,ELECTRONIC
ELEKTROONILINE MUUSIKA,ELECTRONIC
ELEKTROONILINE POPP,ELECTRO POP
ELEKTROONILISE,ELECTRONIC
ELEKTROONILIST INDIE,ELECTRONIC INDIE
ELEKTROPOP,ELECTRO POP
ESTRAADIANSAMBEL,ESTRADE
ESTRAADIORKESTER,ESTRADE
ESTRAADIORKESTR,ESTRADE
ETNO,ETHNO
ETNO-JAZZ,ETHNO JAZZ
ETNO-POP-DŽÄSS,ETHNO POP JAZZ
ETNOMÕJUTUSTEGA ALT-ROCK,ETHNO ALTERNATIVE ROCK
EURO-DANCE,EURO DANCE
EURO-POP,EURO POP
EURODANCE,EURO DANCE
FANKROKS,FUNK ROCK
FILMIMUUSIKA,SOUNDTRACKS
FLOK,FOLK
FOCK,FOLK
FOLK,FOLK
FOLK MUSIC,FOLK
FOLK-METAL,FOLK METAL
FOLK-ROCK,FOLK ROCK
FOLKDŽÄSS,FOLK JAZZ
FOLKMETĀLS,FOLK METAL
FOLKMUUSIKA,FOLK
FOLKMŪZIKA,FOLK
FOLKPOPS,POP FOLK
FOLKROKAS,FOLK ROCK
FOLKROKS,FOLK ROCK
FREEROCK,FREE ROCK
FUNK-ROCK,FUNK ROCK
FUNKY,FUNK
GARĀŽROKS,GARAGE ROCK
GOTIKINIS METALAS,GOTHIC METAL
GOTIKINIS ROKAS,GOTHIC ROCK
GOTISKAIS METĀLS,GOTHIC METAL
GRANDŽMŪZIKA,GRUNGE
GUTZUL ROOTS,TRADITIONAL
GYPSY-ТВІСТ,GYPSY TWIST
HARD 'N' HEAVY,HARD-N-HEAVRY
HARD'N'HEAVY,HARD-N-HEAVRY
HARDROCK,HARD ROCK
HEVIANSAMBEL,HEAVY METAL
HIP,HIP HOP
HIP-HOP,HIP HOP
HIPHOP,HIP HOP
HIPHOPS,HIP HOP
HЕОКЛАССИКА,NEOCLASSICAL
INDIPOPS,INDIE POP
INDUSTRIAL-CYBERPUNK-FOLK,INDUSTRIAL CYBER PUNK FOLK
INDUSTRINIS METALAS,INDUSTRIAL METAL
INDUSTRIĀLAIS ROKS,INDUSTRIAL ROCK
INDUSTRIĀLĀ MŪZIKA,INDUSTRIAL
INDĪPOPS,INDIE POP
INDĪROKS,INDIE ROCK
INSTRUMENTAALANSAMBEL,INSTRUMENTAL ENSEMBLE
INSTRUMENTĀLAIS ANSAMBLIS,INSTRUMENTAL ENSEMBLE
INSTRUMENTĀLĀ MŪZIKA,INSTRUMENTAL
JAUNAIS VILNIS,NEW WAVE
JAZZ-ROCK,JAZZ ROCK
JAZZFUSION,JAZZ FUSION
KAMERMŪZIKA,CHAMBER
KAMERROKS,CHAMBER ROCK
KAMMERMUUSIKAT,CHAMBER
KANTRI,COUNTRY
KANTRIMŪZIKA,COUNTRY
KANTRIPANKS,COUNTRY PUNK
KLASIKA,CLASSICAL
KLASIKINĖ MUZIKA,CLASSICAL
KLASSIKA,CLASSICAL
KOMĒDIJROKS,COMEDY ROCK
MAINSTREAM METAL,METAL
MEDIEVAL MUSIC,MEDIEVAL
METAL ALTERNATIV,ALTERNATIVE METAL
METALAS,METAL
NEO-FOLK,NEW FOLK
NEOFOLK,NEW FOLK
NEWFOLK,NEW FOLK
NEWWAVE,NEW WAVE
NOMIERINOŠĀ MŪZIKA,SOOTHING MUSIC
NU JAZZ,NEW JAZZ
NU-JAZZ,NEW JAZZ
NĀVES METĀLS,DEATH METAL
PAGONIŠKASIS METALAS,PAGAN METAL
PAGĀNMETĀLS,PAGAN METAL
PANKROKAS,PUNK ROCK
PANKROKS,PUNK ROCK
PLAYBEAT-METAL,PLAYBEAT METAL
POP ROK,POP ROCK
POP-FOLK,POP FOLK
POP-PUNK,POP PUNK
POP-ROCK,POP ROCK
POP-ROK,POP ROCK
POPMUUSIKA,POP
POPMŪZIKA,POP
POPPANKS,POP PUNK
POPROKS,POP ROCK
POPS,POP
POPULIAROJI KLASIKA,POPULAR CLASSICS
POST-BRITPOP,POST BRITPOP
POST-GRUNGE,POST GRUNGE
POST-HARDCORE,POST HARDCORE
POST-ROCK,POST ROCK
POSTGRANDŽS,POST GRUNGE
POSTMETALS,POST METAL
POSTMETĀLS,POST METAL
POSTPANKS,POST PUNK
POSTROKS,POST ROCK
PROGE ROCK,PROGRESSIVE ROCK
PROGEROCK,PROGRESSIVE ROCK
PROGRESIIVROKK,PROGRESSIVE ROCK
PROGRESSIIVROCK,PROGRESSIVE ROCK
PROGRESSIIVROKK,PROGRESSIVE ROCK
PROGRESSIIVSE METAL,PROGRESSIVE METAL
PROGRESSIIVSET ROCK,PROGRESSIVE ROCK
PROGRESSIVE,PROGRESSIVE ROCK
PROGRESSIVE-METAL,PROGRESSIVE METAL
PROGRESSIVE-POP,PROGRESSIVE POP
PROGRESYVUS METALAS,PROGRESSIVE METAL
PROGRESYVUS ROKAS,PROGRESSIVE ROCK
PROGRESĪVAIS ROKS,PROGRESSIVE ROCK
PSIHODĒLISKAIS ROKS,PSYCHODELIC ROCK
PSÜHHEDEELSET ROCK,PSYCHODELIC ROCK
PUNK-ROCK,PUNK ROCK
PUNK-SKA,SKA PUNK
PUNKROKKANSAMBEL,PUNK ROCK
R&B,RHYTM-N-BLUES
R'N'B,RHYTM-N-BLUES
RAHVALIKKE LAULE,FOLK SONGS
RAHVAMUUSIKA,FOLK
REGEJS,REGGAE
REGGIE,REGGAE
REGILAUL,FOLK SONGS
REGIROK,REGGAE ROCK
REPS,RAP
RETRO-POP,RETRO POP
RHYTM AND BLUES,RHYTM-N-BLUES
RITUALINĖ MUZIKA,RITUAL MUSIC
RNR,ROCK-N-ROLL
ROCK ALTERNATIV,ALTERNATIVE ROCK
ROCK ALTERNATIVO,ALTERNATIVE ROCK
ROCK-ORTHODOX,CHRISTIAN ROCK
ROCK’N’ROLL,ROCK-N-ROLL
ROKAS,ROCK
ROKENROLS,ROCK-N-ROLL
ROKK,ROCK
ROKKMUUSIKA,ROCK
ROKMŪZIKA,ROCK
ROKS,ROCK
RÄPP,RAP
R’N’B,RHYTM-N-BLUES
SINTPOPS,SYNTH POP
SKATEPUNG,SKATE PUNK
SLUDGE METĀLS,SLUDGE METAL
SMAGAIS METĀLS,HEAVY METAL
SMAGAIS PANKROKS,HARDCORE PUNK
SMAGAIS ROKS,HARD ROCK
STREETPUNK,STREET PUNK
SUNKUSIS ROKAS,HARD ROCK
SYNTH-POP,SYNTH POP
SYNTHPOP,SYNTH POP
TANTSUMUUSIK,DANCE
TANTSUMUUSIKA,DANCE
TAUTAS MŪZIKA,FOLK
TAUTASDZIESMA,FOLK
TEACHNO,TECHNO
TECHNI,TECHNO
TECHO,TECHNO
THRASH-METAL,THRASH METAL
THRASH-МЕТАЛ,THRASH METAL
TREŠMETĀLS,THRASH METAL
TRIP-HOP,TRIP HOP
TROKŠŅU MŪZIKA,FOLK
TUMŠAIS AMBIENTS,DARK AMBIENT
UUE MUUSIKA,20TH CENTURY CLASSICAL
VANAMUUSIKA,MEDIEVAL
VOKAAL,VOICE
VOKAAL-AKUSTIK,VOCAL ACOUSTIC
VOKĀL,VOICE
WORLD MUSIC,WORLD MUSIC
WORLD-MUSIC,WORLD MUSIC
«ГЛУМ-РОК»,GLOOM ROCK
ĀRTROKS,ART ROCK
ŠLĀGERMŪZIKA,SCHLAGER
ЄВРОДЕНС,EURO DANCE
ЄВРОПОП,EURO POP
ІНДІ,INDIE
ІНДІ-ПОП,INDIE POP
ІНДІ-РОК,INDIE ROCK
ІНДАСТРІАЛ,INDUSTRIAL
ІНДАСТРІАЛ-РОК,INDUSTRIAL ROCK
ІНДЫ-РОК,INDIE ROCK
ІНСТРУМЕНТАЛЬНА МУЗИКА,INSTRUMENTAL
ІНСТРУМЕНТАЛЬНИЙ РОК,INSTRUMENTAL ROCK
ІРЛЯНДЗКАЯ ТРАДЫЦЫЙНАЯ МУЗЫКА,TRADITIONAL
А КАПЕЛА,A CAPELLA
А КАПЕЛЛА,A CAPELLA
АЎТАРСКАЯ ПЕСНІ,BARD
АБСТРАКТНЫЙ ХИП-ХОП,ABSTRACT HIP HOP
АВАНГАРД,AVANTGARDE
АВАНГАРДНАЯ МУЗЫКА,AVANTGARDE
АВАНГАРДНЫЙ МЕТАЛ,AVANTGARDE METAL
АВАНГАРДНЫЙ РОК,AVANTGARDE ROCK
АВАНТ-ДЖАЗ,AVANTGARDE JAZZ
АВАНТ-ПОП,POP AVANTGARDE
АВАНТ-ПРОГ,AVANTGARDE PROGRESSIVE
АВТЕНТИКА,AUTHENTICA
АВТОРСКАЯ НАРОДНАЯ МУЗЫКА,FOLK
АВТОРСКАЯ ПЕСНЯ,BARD
АВТОРСЬКА ПІСНЯ,BARD
АГГРО-ИНДАСТРИАЛ,AGGRO-INDUSTRIAL
АГГРОТЕХ,AGGROTECH
АГРАРНИЙ ПАНК,AGRARIAN PUNK
АГРЕССИВ-ПОП,AGGRESSIVE POP
АДЕКВАТНИЙ РОК,ADEQUATE ROCK
АКАДЕМИЧЕСКАЯ МУЗЫКА,ACADEMIC MUSIC
АКТЁРСКАЯ ПЕСНЯ,ACTOR SONG
АКУСТИКА,ACOUSTIC
АКУСТИЧЕСКАЯ,ACOUSTIC
АКУСТИЧЕСКАЯ МУЗЫКА,ACOUSTIC
АКУСТИЧЕСКИЙ БЛЮЗ-РОК,ACOUSTIC BLUES ROCK
АКУСТИЧЕСКИЙ РОК,ACOUSTIC ROCK
АКУСТИЧНА МУЗИКА,ACOUSTIC
АКУСТИЧНИЙ РОК,ACOUSTIC ROCK
АКУСТО-РОК,ACOUSTIC ROCK
АЛКО-БУГИ,ALCO BOOGIE
АЛКО-ШАНСОН-ГЛАМУР-ПАНК,ALCO CHANSON GLAMOUR PUNK
АЛТЕРНАТИВНИЙ РОК,ALTERNATIVE ROCK
АЛЬТ-КАНТРИ,ALTERNATIVE COUNTRY
АЛЬТЕРНАТИВ-РОК,ALTERNATIVE ROCK
АЛЬТЕРНАТИВА,ALTERNATIVE
АЛЬТЕРНАТИВНА МУЗИКА,ALTERNATIVE
АЛЬТЕРНАТИВНАЯ МУЗИКА,ALTERNATIVE
АЛЬТЕРНАТИВНАЯ МУЗЫКА,ALTERNATIVE
АЛЬТЕРНАТИВНИЙ,ALTERNATIVE
АЛЬТЕРНАТИВНИЙ МЕТАЛ,ALTERNATIVE METAL
АЛЬТЕРНАТИВНИЙ ПАНК-РОК,ALTERNATIVE PUNK ROCK
АЛЬТЕРНАТИВНИЙ ПОП,ALTERNATIVE POP
АЛЬТЕРНАТИВНИЙ РОК,ALTERNATIVE ROCK
АЛЬТЕРНАТИВНИЙ ХІП-ХОП,ALTERNATIVE HIP HOP
АЛЬТЕРНАТИВНЫЙ ДЭНС,ALTERNATIVE DANCE
АЛЬТЕРНАТИВНЫЙ МЕТАЛ,ALTERNATIVE METAL
АЛЬТЕРНАТИВНЫЙ МЕТАЛЛ,ALTERNATIVE METAL
АЛЬТЕРНАТИВНЫЙ ПОП,ALTERNATIVE POP
АЛЬТЕРНАТИВНЫЙ РОК,ALTERNATIVE ROCK
АЛЬТЕРНАТИВНЫЙ РЭП,ALTERNATIVE RAP
АЛЬТЕРНАТИВНЫЙ ХИП-ХОП,ALTERNATIVE HIP HOP
АЛЬТРОК,ALTERNATIVE ROCK
АЛЬТЭРНАТЫЎНЫ МЭТАЛ,ALTERNATIVE METAL
АЛЬТЭРНАТЫЎНЫ РОК,ALTERNATIVE ROCK
АМБИЕНТ,AMBIENT
АНАРХО-ПАНК,ANARCHO PUNK
АНАРХО-ФОЛК,ANARCHO FOLK
АНДЕГРАУНД,UNDERGROUND
АНДЕГРАУНДНЫЙ ХИП-ХОП,UNDERGROUND HIP HOP
АРТ,ART
АРТ-ГОТІК-ФОЛК-КЛАСИК-РОК-ШОУ,ART GOTHIC FOLK CLASSIC ROCK SHOW
АРТ-ПАНК,ART PUNK
АРТ-РОК,ART ROCK
АРТ-ФЬЮЖН,ART FUSION
АТМОСФЕРНИЙ БЛЕК-МЕТАЛ,ATMOSPHERIC BLACK METAL
АТМОСФЕРНИЙ ГОТИЧНИЙ МЕТАЛ,ATMOSPHERIC GOTHIC METAL
АТМОСФЕРНЫЙ БЛЭК-МЕТАЛ,ATMOSPHERIC BLACK METAL
АФРОБИТ,AFROBEAT
БІГ-БІТ,BIG BEAT
БАББЛГАМ,BUBBLEGUM
БАЛЛАДА,BALLAD
БАЛЛАДЫ,BALLAD
БАНАНА-ПАНК,BANANA PUNK
БАРБИ-ПАНК,BARBIE PUNK
БАРД-РОК,BARD ROCK
БАРОККО,BAROQUE
БАРОККО-ПОП,BAROQUE POP
БАРОККО-РОК,BAROQUE ROCK
БАРОКО-ПОП,BAROQUE POP
БЕЛОРУССКАЯ НАРОДНАЯ МУЗЫКА,FOLK
БЕТОН,CONCRETE
БИГ-БИТ,BIG BEAT
БИТ,BEAT
БИТ-МУЗЫКА,BEAT
БИТБОКС,BEAT BOX
БЛАТНАЯ ПЕСНЯ,BAWDY SONG
БЛЕК МЕТАЛ,BLACK METAL
БЛЕК-ДЕЗ-МЕТАЛ,BLACK DEATH METAL
БЛЕК-МЕТАЛ,BLACK METAL
БЛЭК-ДЭТ-МЕТАЛ,BLACK DEATH METAL
БЛЭК-МЕТАЛ,BLACK METAL
БЛЭК-МЭТАЛ,BLACK METAL
БЛЮГРАСС,BLUEGRASS
БЛЮЗ,BLUES
БЛЮЗ-РОК,BLUES ROCK
БОСАНОВА,BOSSA NOVA
БРІТ-ПОП,BRIT POP
БРІТПОП,BRIT POP
БРЕЙК-ДАНС,BREAK DANCE
БРЕЙКБИТ,BREAK BEAT
БРИТ-ПОП,BRIT POP
БРИТПОП,BRIT POP
БРУТАЛ-ДЕЗ-МЕТАЛ,BRUTAL DEATH METAL
БРУТАЛ-ПОП-ПАВЕР,BRUTAL POP POWER
БРУТАЛЬНЫЙ ДЭТ-МЕТАЛ,BRUTAL DEATH METAL
БРЫТ-ПОП,BRIT POP
БУГИ-ВУГИ,BOOGIE WOOGIE
БЫКСУФИЗМ,BULL SUFISM
ВІЖУАЛ АРТ РОК,VISUAL ART ROCK
ВАЛЬС,WALTZ
ВИА,VIA
ВИКИНГ-МЕТАЛ,VIKING METAL
ВИОЛОНЧЕЛЬНЫЙ МЕТАЛ,CELLO METAL
ВОЕННАЯ ПЕСНЯ,MILITARY SONG
ВОКАЛ,VOICE
ВОКАЛ-ТРАНС,VOCAL TRANCE
ВОКАЛЬНЫЙ ХАУС,VOCAL HOUSE
ВУДУ-БЛЮЗ,VOODOO BLUES
ГІП-ГОП,HIP HOP
ГІТАРНАЯ МУЗЫКА,GUITAR MUSIC
ГІТАРНИЙ БРЕЙК-БІТ,BREAK BEAT
ГАНГСТА-РЭП,GANGSTA RAP
ГАРАЖНИЙ ПАНК,GARAGE PUNK
ГАРАЖНИЙ РОК,GARAGE ROCK
ГАРАЖНЫЙ ДИП-ФАНК,GARAGE DEEP FUNK
ГАРАЖНЫЙ ПАНК,GARAGE PUNK
ГАРАЖНЫЙ РОК,GARAGE ROCK
ГАРД-КОР,HARDCORE
ГЛЕМ-ПАНК,GLAM PUNK
ГЛЕМ-РОК,GLAM ROCK
ГЛУМ-РОК,GLOOM ROCK
ГЛЭМ,GLAM
ГЛЭМ-МЕТАЛ,GLAM METAL
ГЛЭМ-ПАНК,GLAM PUNK
ГЛЭМ-РОК,GLAM ROCK
ГОРГРАЙНД,GORE GRIND
ГОРОДСКОЙ РОМАНС,URBAN ROMANCE
ГОСПЕЛ,GOSPEL
ГОТИК-БЛЭК-МЕТАЛ,GOTHIC BLACK METAL
ГОТИК-МЕТАЛ,GOTHIC METAL
ГОТИК-РОК,GOTHIC ROCK
ГОТИКА,GOTHIC
ГОТИЧЕСКИЙ МЕТАЛ,GOTHIC METAL
ГОТИЧЕСКИЙ РОК,GOTHIC ROCK
ГОТИЧНИЙ БЛЕК-МЕТАЛ,GOTHIC BLACK METAL
ГОТИЧНИЙ ДУМ-МЕТАЛ,GOTHIC DOOM METAL
ГОТИЧНИЙ МЕТАЛ,GOTHIC METAL
ГОТИЧНИЙ РОК,GOTHIC ROCK
ГРАЙНДКОР,GRINDCORE
ГРАНДЖ,GRUNGE
ГРАНЖ,GRUNGE
ГРУВ,GROOVE
ГРУВ-МЕТАЛ,GROOVE METAL
ДІП-ХАУЗ,DEEP HOUSE
ДАБ,DUB
ДАБКОР,DUBCORE
ДАБСТЕП,DUBSTEP
ДАНС,DANCE
ДАНС-ПОП,DANCE POP
ДАРК КАБАРЕ,DARK CABARET
ДАРК ЭМБИЕНТ,DARK AMBIENT
ДАРК-АРТ-РОК,DARK ART ROCK
ДАРК-ДИСКО,DARK DISCO
ДАРК-ЕЛЕКТРО,DARK ELECTRO
ДАРК-ЕМБІЄНТ,DARK AMBIENT
ДАРК-МЕТАЛ,DARK METAL
ДАРК-РЕГГИ,DARK REGGAE
ДАРК-РОК,DARK ROCK
ДАРК-ФОЛК,DARK FOLK
ДАРК-ЭМБИЕНТ,DARK AMBIENT
ДАРКВЕЙВ,DARK WAVE
ДАРКВЭЙВ,DARK WAVE
ДАРКСТЕП,DARK STEP
ДАУНБИТ,DOWN BEAT
ДАУНТЕ́МПО,DOWNTEMPO
ДАУНТЕМПО,DOWNTEMPO
ДЕБРИС,DEBRIS
ДЕЗ-МЕТАЛ,DEATH METAL
ДЕЗ-Н-РОЛ,DEATH-N-ROLL
ДЕЗКОР,DEATHCORE
ДЕКАДЭНС-БИТ,DECADENCE BEAT
ДЕНС,DANCE
ДЕНС-ПОП,DANCE POP
ДЕНС-РОК,DANCE ROCK
ДЕНСКОР,DANCECORE
ДЕНСХОЛ,DANCE HALL
ДЕПРЕССИВНЫЙ БЛЭК-МЕТАЛ,DEPRESSIVE BLACK METAL
ДЕТ-МЕТАЛ,DEATH METAL
ДЖАЗ,JAZZ
ДЖАЗ РОК,JAZZ ROCK
ДЖАЗ-АВАНГАРД,AVANTGARDE JAZZ
ДЖАЗ-РЕП,JAZZ RAP
ДЖАЗ-РОК,JAZZ ROCK
ДЖАЗ-РЭП,JAZZ RAP
ДЖАЗ-ФАНК,JAZZ FUNK
ДЖАЗ-ФЬЮЖН,JAZZ FUSION
ДЖАЗ-ШАНСОН,JAZZ CHANSON
ДЖАНГЛ,JUNGLE
ДЖИПСИ-ПАНК,GYPSY PUNK
ДЗЕН-ПАНК,ZEN PUNK
ДИКСИЛЕНД,DIXIELAND
ДИСКО,DISCO
ДРІМ-ПОП,DREAM POP
ДРАБЧ-КОР,DRABCH CORE
ДРАМ-Н-БЭЙС,DRUM-N-BASS
ДРАМ-ЭНД-БЕЙС,DRUM-N-BASS
ДРАМ-ЭНД-БЭЙС,DRUM-N-BASS
ДРИМ-ПОП,DREAM POP
ДУМ-МЕНТАЛ,DOOM METAL
ДУМ-МЕТАЛ,DOOM METAL
ДЫСКА-СЁРФ,DISCO SURF
ДЭНС,DANCE
ДЭНС-ПАНК,DANCE PUNK
ДЭНС-ПОП,DANCE POP
ДЭНС-РОК,DANCE ROCK
ДЭНСХОЛЛ,DANCE HALL
ДЭТ-МЕТАЛ,DEATH METAL
ДЭТ-Н-РОЛЛ,DEATH-N-ROLL
ДЭТГРАЙНД,DEATH GRIND
ДЭТКОР,DEATHCORE
ЕВРОДАНС,EURO DANCE
ЕВРОДИСКО,EURO DISCO
ЕВРОДЭНС,EURO DANCE
ЕВРОПОП,EURO POP
ЕЙСІД-ФОЛК,ACID FOLK
ЕЙСИД-ДЖАЗ,ACID JAZZ
ЕЙФОРИЧНИЙ РОК,EUPHORIC ROCK
ЕКСПЕРИМЕНТАЛ,EXPERIMENTAL
ЕКСПЕРИМЕНТАЛЬНА МУЗИКА,EXPERIMENTAL
ЕКСПЕРИМЕНТАЛЬНИЙ НОЙЗ,EXPERIMENTAL NOISE
ЕКСПЕРИМЕНТАЛЬНИЙ РОК,EXPERIMENTAL ROCK
ЕКСТРЕМАЛЬНИЙ НЮ-МЕТАЛ,EXTREMAL NEW METAL
ЕЛЕГАНТНИЙ ХІП-ХОП,ELEGANT HIP HOP
ЕЛЕКТРО,ELECTRONIC
ЕЛЕКТРО-ПАНК,ELECTRO PUNK
ЕЛЕКТРО-РОК,ELECTRO ROCK
ЕЛЕКТРО-ФОЛЬК,ELECTRO FOLK
ЕЛЕКТРО-ФЬЮЖН,ELECTRO FUSION
ЕЛЕКТРО-ХАУС,ELECTRO HOUSE
ЕЛЕКТРОНІКА,ELECTRONIC
ЕЛЕКТРОННА МУЗИКА,ELECTRONIC
ЕЛЕКТРОПОП,ELECTRO POP
ЕМБІЄНТ,AMBIENT
ЕМБІЄНТ БЛЕК МЕТАЛ,AMBIENT BLACK METAL
ЕМО,EMO
ЕСПЕРАНТОКОР,ESPERANTO CORE
ЕТНІЧНА МУЗИКА,ETHNO
ЕТНІЧНИЙ ХІП-ХОП,ETHNO HOP
ЕТНО,ETHNO
ЕТНО РОК,ETHNO ROCK
ЕТНО ФОЛЬК,ETHNO FOLK
ЕТНО-АЛЬТЕРНАТИВА,ETHNO ALTERNATIVE
ЕТНО-ДЖАЗ,ETHNO JAZZ
ЕТНО-ПАНК,ETHNO PUNK
ЕТНО-РОК,ETHNO ROCK
ЕТНО-СКА,ETHNO SKA
ЕТНО-СКА-РОК,ETHNO SKA ROCK
ЕТНО-ФОЛК,ETHNO FOLK
ЕТНО-ФЮЖН,ETHNO FUSION
ЕТНО-ХАОС,ETHNO CHAOS
ЕТНО-ХОП,ETHNO HOP
ЖІНОЧИЙ ВОКАЛ,WOMAN VOICE
ЖЕНСКИЙ ВОКАЛ,WOMAN VOICE
ЗАХІДНО-УКРАЇНСЬКИЙ АЛЬТЕРНАТИВНИЙ РОК,ALTERNATIVE ROCK
ИНДАСТРИАЛ,INDUSTRIAL
ИНДАСТРИАЛ МЕТАЛ,INDUSTRIAL METAL
ИНДАСТРИАЛ РОК,INDUSTRIAL ROCK
ИНДАСТРИАЛ-ДЭТ-МЕТАЛ,INDUSTRIAL DEATH METAL
ИНДАСТРИАЛ-КИБЕР-ПАНК-ФОЛК,INDUSTRIAL CYBER PUNK FOLK
ИНДАСТРИАЛ-МЕТАЛ,INDUSTRIAL METAL
ИНДАСТРИАЛ-РОК,INDUSTRIAL ROCK
ИНДИ,INDIE
ИНДИ-ПОП,INDIE POP
ИНДИ-РОК,INDIE ROCK
ИНДИ-ФОЛК,INDIE FOLK
ИНДИТРОНИКА,INDIE ELECTRONIC
ИНСТРУМЕНТАЛ,INSTRUMENTAL
ИНСТРУМЕНТАЛЬНАЯ,INSTRUMENTAL
ИНСТРУМЕНТАЛЬНАЯ МУЗЫКА,INSTRUMENTAL
ИНСТРУМЕНТАЛЬНЫЙ АНСАМБЛЬ,INSTRUMENTAL ENSEMBLE
ИНСТРУМЕНТАЛЬНЫЙ ПОП,INSTRUMENTAL POP
ИНСТРУМЕНТАЛЬНЫЙ РОК,INSTRUMENTAL ROCK
ИНСТРУМЕНТАЛЬНЫЙ ХИП-ХОП,INSTRUMENTAL HIP HOP
ИНТЕЛЛЕКТУАЛЬНЫЙ РОК,INTELLECTUAL ROCK
ИНТУИТИВНЫЙ ЭТНО ФРИ-ДЖАЗ,INTUITIVE ETHNO FREE JAZZ
КІБЕРГРАЙНД,CYBER GRIND
КАБАРЭ-РОК,CABARET ROCK
КАМЕДІ-РОК,COMEDY ROCK
КАМЕДИ-ПОП,COMEDY POP
КАМЕДИ-РОК,COMEDY ROCK
КАМЕРНАЯ МУЗЫКА,CHAMBER
КАМЕРНАЯ ПЕСНЯ,CHAMBER SONGS
КАМРЕНАЯ ПЕСНЯ,CHAMBER SONGS
КАНТРІ-РОК,COUNTRY ROCK
КАНТРИ,COUNTRY
КАНТРИ-ПАНК,COUNTRY PUNK
КАНТРИ-РОК,COUNTRY ROCK
КЕЛТИК-ФЬЮЖН,CELTIC FUSION
КЕЛЬТИК-ПАНК,CELTIC PUNK
КЕЛЬТСКАЯ МУЗЫКА,CELTIC
КИБЕР-ГРАНЖ,CYBER GRUNGE
КИБЕР-МЕТАЛ,CYBER METAL
КИБЕР-РОК,CYBER ROCK
КИБЕРПАНК,CYBER PUNK
КЛАСИКА,CLASSICAL
КЛАСИЧНА МУЗИКА,CLASSICAL
КЛАСИЧНИЙ ХІП-ХОП,HIP HOP
КЛАССИЦИЗМ,CLASSICAL
КЛАССИЧЕСКАЯ МУЗЫКА,CLASSICAL
КЛАССИЧЕСКИЙ КРОССОВЕР,CROSSOVER
КЛАССИЧЕСКИЙ РОК,CLASSIC ROCK
КЛЕЗМЕР,KLEZMER
КЛЕЗЬМЭР,KLEZMER
КОЗАК-РОК,COSSACK ROCK
КОЛГОСПНИЙ РОК,AGRARIAN ROCK
КОМЕДИ-РОК,COMEDY ROCK
КОМЕДИЙНЫЙ ХИП-ХОП,COMEDY HIP HOP
КОММУНА,COMMUNA
КОНКРЕТНАЯ МУЗЫКА,MUSIQUE CONCRÈTE
КОНЦЕПТУАЛЬНАЯ МУЗЫКА,CONCEPTUAL
КРАСТ,CRUST
КРАСТ-ПАНК,CRUST PUNK
КРОССОВЕР,CROSSOVER
КРОССОВЕР-ТРЭШ,CROSSOVER THRASH
ЛЁГКАЯ МУЗЫКА,LIGHT MUSIC
ЛІРИЧНІ,LYRICAL
ЛАТИНА,LATINO
ЛАТИНО,LATINO
ЛАУНДЖ,LOUNGE
ЛАУНЖ,LOUNGE
ЛИРИКА,LYRICAL
ЛОУ-ФАЙ,LO-FI
МАТ-МЕТАЛ,MATH METAL
МАТКОР,MATHCORE
МЕЙНСТРИМ,METAL
МЕЛОДІЙНИЙ ДЕЗ-МЕТАЛ,MELODIC DEATH METAL
МЕЛОДІЙНИЙ МЕТАЛ,MELODIC METAL
МЕЛОДІЙНИЙ МЕТАЛКОР,MELODIC METALCORE
МЕЛОДІЙНИЙ ПАВЕР-СПІД МЕТАЛ,MELODIC POWER SPEED METAL
МЕЛОДІЙНИЙ РОК,MELODIC ROCK
МЕЛОДЕКЛАМАЦИЯ,MELODECLARATION
МЕЛОДИК МЕТАЛ,MELODIC METAL
МЕЛОДИК-БЛЭК-МЕТАЛ,MELODIC BLACK METAL
МЕЛОДИК-ДУМ-МЕТАЛ,MELODIC DOOM METAL
МЕЛОДИК-ДЭТ-МЕТАЛ,MELODIC DEATH METAL
МЕЛОДИК-МЕТАЛ,MELODIC METAL
МЕЛОДИК-ПАУЭР-МЕТАЛ,MELODIC POWER METAL
МЕЛОДИК-ПОСТ-ХАРДКОР,MELODIC POST HARDCORE
МЕЛОДИК-РОК,MELODIC ROCK
МЕЛОДИЧЕСКИЙ ДЭТ-МЕТАЛ,MELODIC DEATH METAL
МЕЛОДИЧЕСКИЙ ХАРД-РОК,MELODIC HARD ROCK
МЕЛОДИЧНИЙ МЕТАЛКОР,MELODIC METALCORE
МЕЛОДИЧНИЙ ХАРДКОР,MELODIC HARD CORE
МЕЛОДИЧНЫЙ БЛЭК-МЕТАЛ,MELODIC BLACK METAL
МЕЛОДИЧНЫЙ ДЭТ-МЕТАЛ,MELODIC DEATH METAL
МЕЛОДИЧНЫЙ МАТ-МЕТАЛ,MELODIC MATH METAL
МЕРСИБИТ,MERSEYBEAT
МЕССИАНСКОЕ ПРОСЛАВЛЕНИЕ,MESSIANIC PRAISE
МЕТАЛ,METAL
МЕТАЛКОР,METALCORE
МЕТАЛЛ,METAL
МИНИМАЛИЗМ,MINIMAL MUSIC
МНИМАЛИЗМ,MINIMAL MUSIC
МОДЕРН МЕТАЛ,MODERN METAL
МОДЕРН-МЕТАЛ,MODERN METAL
МУЗЫКА НАРОДОВ МИРА,WORLD MUSIC
МУЗЫКАЛЬНАЯ ПАРОДИЯ,PARODY
МУЛЬТИ-РОК,MULTI ROCK
МУЛЬТИМЕДИЙНЫЙ СПЕКТАКЛЬ,MULTIMEDIA SHOW
МЭТАЛ,METAL
НАРОДНІ,FOLK SONGS
НАРОДНА,FOLK
НАРОДНА МУЗИКА,FOLK
НАРОДНА ПІСНЯ,FOLK SONGS
НАРОДНАЯ,FOLK
НАРОДНАЯ МУЗЫКА,FOLK
НАРОДНАЯ ПЕСНЯ,FOLK SONGS
НАРОДНЫЕ ПЕСНИ,FOLK SONGS
НАРОДНЫЙ ПСИХОДЕЛИЧЕСКИЙ ПОСТ-ПАНК,FOLK PSYCHODELIC POST PUNK
НАЦІОНАЛ-СОЦІАЛІСТИЧНИЙ БЛЕК-МЕТАЛ,NSBM
НЕИДИОМАТИЧЕСКАЯ ИМПРОВИЗАЦИЯ,UNIDIOMATIC IMPROVISATION
НЕО-ПРОГРЕССИВНЫЙ РОК,NEOPROGRESSIVE ROCK
НЕО-РОКАБІЛІ,NEW ROCKABILLY
НЕО-ФОЛК,NEW FOLK
НЕОКЛАСИЧНИЙ РОК,NEOCLASSIC ROCK
НЕОКЛАССИК-МЕТАЛ,NEOCLASSIC METAL
НЕОКЛАССИК-РОК,NEOCLASSIC ROCK
НЕОКЛАССИКА,NEOCLASSICAL
НЕОКЛАССИЧЕСКАЯ МУЗЫКА,NEOCLASSICAL
НЕОКЛАССИЧЕСКИЙ МЕТАЛ,NEOCLASSIC METAL
НЕОПСИХОДЕЛИЯ,NEOPSYCHODELIC
НЕОФОЛК,NEW FOLK
НЕОФОЛЬК,NEW FOLK
НОВА ХВИЛЯ,NEW WAVE
НОВАЯ ВОЛНА,NEW WAVE
НОВАЯ РОМАНТИКА,NEW ROMANCE
НОЙЗ,NOISE
НОЙЗ-РОК,NOISE ROCK
НОЙЗКОР,NOISECORE
НСБМ,NSBM
НЬЮ-ВЕЙВ,NEW WAVE
НЬЮ-ВЭЙВ,NEW WAVE
НЬЮ-ЕЙДЖ,NEW AGE
НЬЮ-МЕТАЛ,NEW METAL
НЬЮ-РЕЙВ,NEW RAVE
НЬЮ-ЭЙДЖ,NEW AGE
НЭА-ФОЛЬК,NEW FOLK
НЮ МЕТАЛ,NEW METAL
НЮ-ГРАНДЖ,NEW GRUNGE
НЮ-ДЖАЗ,NEW JAZZ
НЮ-МЕТАЛ,NEW METAL
НЮ-МЭТАЛ,NEW METAL
НЮ-СКУЛ-ХАРДКОР,NEW SCHOOL HARDCORE
НЮ-ЭЙДЖ,NEW AGE
ОЙ,OI!
ОЛДСКУЛ ХАРДКОР,HARDCORE
ОЛДСКУЛЬНЫЙ РЭП,RAP
ПАВЕР-МЕТАЛ,POWER METAL
ПАГАН-МЕТАЛ,PAGAN METAL
ПАГАН-ФОЛК-БЛЕК-МЕТАЛ,PAGAN FOLK BLACK METAL
ПАНК,PUNK
ПАНК РОК,PUNK ROCK
ПАНК САЙКОБІЛІ,PUNK PSYCHOBILLY
ПАНК-ДЖАЗ,PUNK JAZZ
ПАНК-РОК,PUNK ROCK
ПАНК-РЭП,PUNK RAP
ПАРОДИИ,PARODY
ПАРОДИЯ,PARODY
ПАРТИЗАН-ПАНК,PARTISAN PUNK
ПАТРІОТИЧНА,PATRIOTIC SONG
ПАТРІОТИЧНА ПІСНЯ,PATRIOTIC SONG
ПАТРИОТИЧЕСКАЯ ПЕСНЯ,PATRIOTIC SONG
ПАУЕР-ФОЛК-МЕТАЛ,POWER FOLK METAL
ПАУЭР МЕТАЛ,POWER METAL
ПАУЭР-МЕТАЛ,POWER METAL
ПАУЭР-ПОП,POWER POP
ПЕЙГАН-МЕТАЛ,PAGAN METAL
ПЕРФОРМАНС,PERFORMANCE
ПИНК-ПАНК,PINK PUNK
ПОЛІРЫТМІЧНЫ SLUDGE DOOM,POLYRHYTHMIC SLUDGE DOOM
ПОП,POP
ПОП ПАНК,POST PUNK
ПОП РОК,POP ROCK
ПОП-АВАНГАРД,POP AVANTGARDE
ПОП-ДИСКО,POP DISCO
ПОП-МУЗИКА,POP
ПОП-МУЗЫКА,POP
ПОП-МЭТАЛ,POST METAL
ПОП-ПАНК,POP PUNK
ПОП-РЕҐІ,POP REGGAE
ПОП-РОК,POP ROCK
ПОП-РЭП,POP RAP
ПОП-ФОЛК,POP FOLK
ПОП-ФОЛК-ДЖАЗ,POP FOLK JAZZ
ПОПУЛЯРНА ПІСНЯ,POP
ПОПУЛЯРНАЯ МУЗЫКА,POP
ПОРНО ГРАЙНД,PORNO GRIND
ПОСТ-БРИТ-ПОП,POST BRITPOP
ПОСТ-ГРАНЖ,POST GRUNGE
ПОСТ-ДИСКО,POST DISCO
ПОСТ-ИНДАСТРИАЛ,POST INDUSTRIAL
ПОСТ-МЕТАЛ,POST METAL
ПОСТ-ПАНК,POST PUNK
ПОСТ-ПРОГ,POST PROGRESSIVE
ПОСТ-РОК,POST ROCK
ПОСТ-ТРЕШ,POST THRASH
ПОСТ-ФОЛК,POST FOLK
ПОСТ-ХАРДКОР,POST HARDCORE
ПОСТПАНК,POST PUNK
ПОСТПАНК-РИВАЙВЛ,POST PUNK REVIVAL
ПОСТРОК,POST ROCK
ПРАСЛАЎЛЕНЬНЕ,MESSIANIC PRAISE
ПРОГ-ДЕТ-МЕТАЛ,PROGRESSIVE DEATH METAL
ПРОГ-РОК,PROGRESSIVE ROCK
ПРОГРЕСИВНИЙ МЕТАЛ,PROGRESSIVE METAL
ПРОГРЕСИВНИЙ РОК,PROGRESSIVE ROCK
ПРОГРЕССИВ-МЕТАЛ,PROGRESSIVE METAL
ПРОГРЕССИВ-РОК,PROGRESSIVE ROCK
ПРОГРЕССИВ-ТРАНС,PROGRESSIVE TRANCE
ПРОГРЕССИВ-ХАУС,PROGRESSIVE HOUSE
ПРОГРЕССИВНИЙ РОК,PROGRESSIVE ROCK
ПРОГРЕССИВНЫЙ МЕТАЛ,PROGRESSIVE METAL
ПРОГРЕССИВНЫЙ МЕТАЛЛ,PROGRESSIVE METAL
ПРОГРЕССИВНЫЙ РОК,PROGRESSIVE ROCK
ПРОГРЕССИВНЫЙ-ДЭТ-МЕТАЛ,PROGRESSIVE DEATH METAL
ПРОТЕСТНЫЙ ПАНК-РОК,PROTEST PUNK ROCK
ПСАЙБИЕНТ,PSYBIENT
ПСИХО-ФОЛК,PSYCHODELIC FOLK
ПСИХОДЕЛІК РОК,PSYCHODELIC ROCK
ПСИХОДЕЛІКА,PSYCHODELIC
ПСИХОДЕЛІЧНИЙ РОК,PSYCHODELIC ROCK
ПСИХОДЕЛІЯ,PSYCHODELIC
ПСИХОДЕЛИК-РОК,PSYCHODELIC ROCK
ПСИХОДЕЛИКА,PSYCHODELIC
ПСИХОДЕЛИЧЕСКАЯ МУЗЫКА,PSYCHODELIC
ПСИХОДЕЛИЧЕСКИЙ РОК,PSYCHODELIC ROCK
ПСИХОДЕЛИЧЕСКИЙ ТРАНС,PSYCHODELIC TRANCE
ПСИХОДЕЛИЧЕСКИЙ ФОЛК,PSYCHODELIC FOLK
ПЭГАН-БЛЭК-МЕТАЛ,PAGAN BLACK METAL
ПЭГАН-МЕТАЛ,PAGAN METAL
ПЭГАН-МЭТАЛ,PAGAN METAL
ПЭГАН-ФОЛК-БЛЭК-МЕТАЛ,PAGAN FOLK BLACK METAL
РАГГА,RAGGA
РАГГАКОР,RAGGA CORE
РАЗГОВОРНЫЙ СТИЛЬ,SPOKEN WORD
РЕВАЙВАЛ,REVIVAL
РЕГІ,REGGAE
РЕГГІ,REGGAE
РЕГГЕЙ,REGGAE
РЕГГИ,REGGAE
РЕЙВ,RAVE
РЕЛАКС,RELAX
РЕП,RAP
РЕП-РОК,RAP ROCK
РЕПКОР,RAPCORE
РЕТРО,RETRO
РЕТРО-ПОП,RETRO POP
РЕТРО-РОК,RETRO ROCK
РЕҐІ,REGGAE
РИТМ ЭНД БЛЮЗ,RHYTM-N-BLUES
РИТМ'Н'БЛЮЗ,RHYTM-N-BLUES
РИТМ-ЕНД-БЛЮЗ,RHYTM-N-BLUES
РИТМ-Н-БЛЮЗ,RHYTM-N-BLUES
РИТМ-ЭНД-БЛЮЗ,RHYTM-N-BLUES
РОК,ROCK
РОК ПРОТИВ КОММУНИЗМА,RAC
РОК-БАЛАДА,ROCK BALLADS
РОК-БАЛЛАДА,ROCK BALLADS
РОК-МУЗИКА,ROCK
РОК-МУЗЫКА,ROCK
РОК-Н-РОЛ,ROCK-N-ROLL
РОК-Н-РОЛЛ,ROCK-N-ROLL
РОК-ОПЕРА,ROCK OPERA
РОК-РОМАНС,ROCK ROMANCE
РОКАБІЛІ,ROCKABILLY
РОКАБИЛЛИ,ROCKABILLY
РОМАНС,ROMANCE
РОМАНТИК-РОК,ROCK ROMANCE
РУМБА,RUMBA
РУССКАЯ НАРОДНАЯ ПЕСНЯ,FOLK SONGS
РУССКИЙ РОК,RUSSIAN ROCK
РУССКИЙ РЭП,RUSSIAN RAP
РУССКИЙ ШАНСОН,CHANSON
РУТС-РЕГГЕЙ,ROOTS REGGAE
РЫТМ-Н-БЛЮЗ,RHYTM-N-BLUES
РЭГГЕЙ,REGGAE
РЭГГИ,REGGAE
РЭП,RAP
РЭП-МЕТАЛ,RAP METAL
РЭП-РОК,RAP ROCK
РЭПКОР,RAPCORE
РЭПТРЭШ,RAP THRASH
СЁРФ-РОК,SURF ROCK
САЙКОБІЛІ,PSYCHOBILLY
САЙКОБИЛИ,PSYCHOBILLY
САЙКОБИЛЛИ,PSYCHOBILLY
САТЕРН-РОК,SOUTHERN ROCK
САТИРИЧЕСКИЙ ПАНК,SATIRIC PUNK
САУНДТРЕКИ,SOUNDTRACKS
СВІТОВА МУЗИКА,WORLD MUSIC
СВИНГ,SWING
СИБИРСКИЙ ПАНК,SIBERIAN PUNK
СИМФО-БЛЭК-МЕТАЛ,SYMPHONIC BLACK METAL
СИМФО-МЕТАЛ,SYMPHONIC METAL
СИМФО-ПАНК,SYMPHONIC PUNK
СИМФО-РОК,SYMPHONIC ROCK
СИМФОНІЧНИЙ МЕТАЛ,SYMPHONIC METAL
СИМФОНІЧНИЙ РОК,SYMPHONIC ROCK
СИМФОНИК-БЛЭК-МЕТАЛ,SYMPHONIC BLACK METAL
СИМФОНИК-МЕТАЛ,SYMPHONIC METAL
СИМФОНИК-РОК,SYMPHONIC ROCK
СИМФОНИЧЕСКИЙ БЛЭК-МЕТАЛ,SYMPHONIC BLACK METAL
СИМФОНИЧЕСКИЙ МЕТАЛ,SYMPHONIC METAL
СИМФОНИЧЕСКИЙ РОК,SYMPHONIC ROCK
СИНТ-РОК,SYNTH ROCK
СИНТІ-ПОП,SYNTH POP
СИНТИ-ПОП,SYNTH POP
СИНТИПОП,SYNTH POP
СИНТКОР,SYNTHCORE
СКА,SKA
СКА-ДЖАЗ,SKA JAZZ
СКА-КОР,SKA CORE
СКА-ПАНК,SKA PUNK
СКА-РОК,SKA ROCK
СКЕЙТ-ПАНК,SKATE PUNK
СКРІМО,SCREAMO
СЛАДЖ-МЕТАЛ,SLUDGE METAL
СОВРЕМЕННЫЙ РИТМ-Н-БЛЮЗ,MODERN RHYTM-N-BLUES
СОВРЕМЕННЫЙ ФОЛК,MODERN FOLK
СОУЛ,SOUL
СОУЛ-ФАНК,SOUL FUNK
СОФТ РОК,SOFT ROCK
СОФТ-РОК,SOFT ROCK
СПІД-МЕТАЛ,SPEED METAL
СПЕЙС РОК,SPACE ROCK
СПЕЙС-РОК,SPACE ROCK
СПИД-МЕТАЛ,SPEED METAL
СРЕДНЕВЕКОВАЯ МУЗЫКА,MEDIEVAL
СТЁБ-ПОП,JIVE POP
СТЁБ-РОК,JIVE ROCK
СТИХОТВОРЕНИЕ,POEM
СТОУНЕР-РОК,STONER ROCK
СТРІТ ПАНК,STREET PUNK
СТРІТ-ПАНК,STREET PUNK
СТРИТ-ПАНК,STREET PUNK
СЫНТ-ГАТЫЧНЫ,SYNTH GOTHIC
СЯРЭДНЕВЯКОВАЯ МУЗЫКА,MEDIEVAL
СЯРЭДНЯВЕЧНАЯ МУЗЫКА,MEDIEVAL
ТАНЦЕВАЛЬНАЯ МУЗЫКА,DANCE
ТАТАРСКИЙ РОК,TATAR ROCK
ТВИ-ПОП,TWEE POP
ТЕХНИЧНЫЙ ДЭТ-МЕТАЛ,TECHNO DEATH METAL
ТЕХНО,TECHNO
ТЕХНО-ПОП,TECHNO POP
ТЕХНО-ТРЭШ-МЕТАЛ,TECHNO THRASH METAL
ТРІП-РОК,TRIP ROCK
ТРІП-ХОП,TRIP HOP
ТРАДИЦІЙНА МУЗИКА ЗАКАРПАТТЯ,TRADITIONAL
ТРАДИЦІЙНА УКРАЇНСЬКА МУЗИКА,TRADITIONAL
ТРАДИЦИОННАЯ МУЗЫКА,TRADITIONAL
ТРАДИЦИОННЫЙ ДЖАЗ,JAZZ
ТРАДЫЦЫЙНАЯ МУЗЫКА,TRADITIONAL
ТРАНС,TRANCE
ТРАНС-КОР,TRANCE CORE
ТРЕШ-МЕТАЛ,THRASH METAL
ТРЕШ-ПОП,THRASH POP
ТРИП-РОК,TRIP ROCK
ТРИП-ХОП,TRIP HOP
ТРЫП-ГОП,TRIP HOP
ТРЭШ-ДЭТ-МЕТАЛ,THRASH DEATH METAL
ТРЭШ-МЕТАЛ,THRASH METAL
ТРЭШ-МЕТАЛЛ,THRASH METAL
ТУВИНСКАЯ НАРОДНАЯ МУЗЫКА,FOLK
ТЯЖЁЛЫЙ РОК,HARD ROCK
УАЙТ-МЕТАЛ,WHITE METAL
УКРАЇНСЬКА ПІСНЯ,UKRAINIAN SONG
УКРАЇНСЬКИЙ БЛЮЗ,UKRAINIAN BLUES
УКРАЇНСЬКИЙ ПОП,UKRAINIAN POP
УКРАЇНСЬКИЙ РОК,UKRAINIAN ROCK
УКУЛЕЛЕ-РОК,UKULELE ROCK
УРБАНІСТЫЧНАЕ РЭГІ,URBANISTIC REGGAE
Ф'ЮЖН,FUSION
ФАНК,FUNK
ФАНК-МЕТАЛ,FUNK METAL
ФАНК-РОК,FUNK ROCK
ФАНКИ-ПАНК,FUNKY PUNK
ФОЛК,FOLK
ФОЛК МЕТАЛ,FOLK METAL
ФОЛК ПАНК-РОК,FOLK PUNK ROCK
ФОЛК РОК,FOLK ROCK
ФОЛК-ДЖАЗ,FOLK JAZZ
ФОЛК-КОР,FOLK CORE
ФОЛК-МЕТАЛ,FOLK METAL
ФОЛК-МОДЕРН,FOLK MODERN
ФОЛК-МУЗЫКА,FOLK
ФОЛК-МЭТАЛ,FOLK METAL
ФОЛК-ПАНК,FOLK PUNK
ФОЛК-РОК,FOLK ROCK
ФОЛКТРОНІКА,FOLKTRONICS
ФОЛЬК,FOLK
ФОЛЬК-МАДЭРН,FOLK MODERN
ФОЛЬК-МЕТАЛ,FOLK METAL
ФОЛЬК-ПАНК,FOLK PUNK
ФОЛЬК-РОК,FOLK ROCK
ФОЛЬКЛОР,FOLK
ФРІ-ФОЛК,FREE FOLK
ФРИ-ДЖАЗ,FREE JAZZ
ФЬЮЖН,FUSION
ФЭНТЕЗИ,FANTASY
ХІП-ХОП,HIP HOP
ХАЛАБУДА-РОК,HALABUDA ROCK
ХАРД РОК,HARD ROCK
ХАРД-Н-ХЕВИ,HARD-N-HEAVRY
ХАРД-Н-ХЭВИ,HARD-N-HEAVRY
ХАРД-РОК,HARD ROCK
ХАРДКОР,HARDCORE
ХАРДКОР ХИП-ХОП,HARDCORE HIP HOP
ХАРДКОР-ПАНК,HARDCORE PUNK
ХАРДКОР-РЭП,HARDCORE RAP
ХАУЗ,HOUSE
ХАУС,HOUSE
ХЕВІ-МЕТАЛ,HEAVY METAL
ХЕВІ-ФОЛК,HEAVY FOLK
ХЕВІ-ФОЛК-МЕТАЛ,HEAVY FOLK METAL
ХЕВИ МЕТАЛ,HEAVY METAL
ХЕВИ-МЕТАЛ,HEAVY METAL
ХЕВИМЕТАЛ,HEAVY METAL
ХЕЙТКОР,HATE CORE
ХЕППІ РОК,HAPPY ROCK
ХИП-ХАУС,HIP HOUSE
ХИП-ХОП,HIP HOP
ХОР,CHORUS
ХОРРОР-МЕТАЛ,HORROR METAL
ХОРРОР-ПАНК,HORROR PUNK
ХРИСТИАНСКИЙ БЛЭК-МЕТАЛ,CHRISTIAN BLACK METAL
ХРИСТИАНСКИЙ МЕТАЛ,CHRISTIAN METAL
ХРИСТИАНСКИЙ РОК,CHRISTIAN ROCK
ХРИСТИЯНСЬКИЙ БЛЕК-МЕТАЛ,CHRISTIAN BLACK METAL
ХРИСТИЯНСЬКИЙ РОК,CHRISTIAN ROCK
ХЭВИ МЕТАЛ,HEAVY METAL
ХЭВИ-МЕТАЛ,HEAVY METAL
ЧЁРНЫЙ ЮМОР,BLACK HUMOUR
ЧИЛАУТ,CHILLOUT
ЧИЛЛАУТ,CHILLOUT
ШАНСОН,CHANSON
ШОК-РОК,SHOCK ROCK
ШОУ,SHOW
ШУГЕЙЗИНГ,SHOEGAZE
ЭЙСИД-ДЖАЗ,ACID JAZZ
ЭЙСИД-ФОЛК,ACID FOLK
ЭКЛЕКТИК ПРОГ,ECLECTIC PROG
ЭКСПЕРИМЕНТАЛЬНАЯ,EXPERIMENTAL
ЭКСПЕРИМЕНТАЛЬНАЯ МУЗЫКА,EXPERIMENTAL
ЭКСПЕРИМЕНТАЛЬНЫЙ,EXPERIMENTAL
ЭКСПЕРИМЕНТАЛЬНЫЙ МЕТАЛ,EXPERIMENTAL METAL
ЭКСПЕРИМЕНТАЛЬНЫЙ РОК,EXPERIMENTAL ROCK
ЭКСПЕРИМЕНТАЛЬНЫЙ ФОЛК,EXPERIMENTAL FOLK
ЭКСЦЕНТРИКА,EXCENTRIC
ЭЛЕКТРО,ELECTRONIC
ЭЛЕКТРО-ИНДАСТРИАЛ,ELECTRO INDUSTRIAL
ЭЛЕКТРО-ПАНК,ELECTRO PUNK
ЭЛЕКТРО-ПОП,ELECTRO POP
ЭЛЕКТРО-ФОЛК,ELECTRO FOLK
ЭЛЕКТРО-ХАУС,ELECTRO HOUSE
ЭЛЕКТРО-ХОП,ELECTRO HOP
ЭЛЕКТРОАКУСТИЧЕСКАЯ МУЗЫКА,ELECTRO ACOUSTIC
ЭЛЕКТРОКЛЭШ,ELECTRO CLASH
ЭЛЕКТРОНИК-РОК,ELECTRO ROCK
ЭЛЕКТРОНИКА,ELECTRONIC
ЭЛЕКТРОННАЯ МУЗЫКА,ELECTRONIC
ЭЛЕКТРОННЫ,ELECTRONIC
ЭЛЕКТРОННЫЙ РОК,ELECTRO ROCK
ЭЛЕКТРОПАНК,ELECTRO PUNK
ЭЛЕКТРОПОП,ELECTRO POP
ЭМБИЕНТ,AMBIENT
ЭМБИЕНТ БЛЭК-МЕТАЛ,AMBIENT BLACK METAL
ЭМО,EMO
ЭМОКОР,EMO CORE
ЭПИК,EPIC
ЭПИК-ПОП,EPIC POP
ЭСТРАДА,ESTRADE
ЭСТРАДНАЯ МУЗЫКА,ESTRADE
ЭСТРАДНАЯ ПЕСНЯ,ESTRADE
ЭСТРАДНЫЙ ФОЛК,ESTRADE FOLK
ЭТЕРЕАЛ,ETHEREAL
ЭТНІЧНАЯ МУЗИКА,ETHNO
ЭТНІЧНАЯ МУЗЫКА,ETHNO
ЭТНА-ФОЛК,ETHNO FOLK
ЭТНИК-ЭМБИЕНТ,ETHNO AMBIENT
ЭТНИЧЕСКАЯ МУЗЫКА,ETHNO
ЭТНИЧЕСКИЙ ДУМ-МЕТАЛ,ETHNO DOOM METAL
ЭТНИЧЕСКИЙ МЕТАЛ,ETHNO METAL
ЭТНО,ETHNO
ЭТНО-ДЖАЗ,ETHNO JAZZ
ЭТНО-КОР,ETHNO CORE
ЭТНО-РОК,ETHNO ROCK
ЭТНО-ФОЛК,ETHNO FOLK
ЭТНО-ФЬЮЖН,ETHNO FUSION
ЭТНО-ЭКСТРИМ,ETHNO EXTREME
ЭТНО-ЭЛЕКТРОНИКА,ETHNO ELECTRONICS
ЭТНО-ЭМБИЕНТ,ETHNO AMBIENT
ЮМОР,HUMOUR
ЯЗЫЧЕСКИЙ БЛЭК-МЕТАЛ,PAGAN BLACK METAL
ЯЗЫЧЕСКИЙ МЕТАЛ,PAGAN METAL
ҐРАЙНД,GRIND
ҐРУВ-МЕТАЛ,GROOVE METAL
